Марка|Модель|Модификация|Тип кузова|Год выпуска|Коллекция|Артикул|Количество мест|Материал|Поролон|Использование с боковыми Airbag|Карманы в спинках передних сидений|Вышивка Логотипа|Декоративная отстрочка|Чехол на задний подлокотник|Чехол на передний подлокотник|Доп. 1|Доп. 2|Цена Закупочная|Цена Крупный Опт|Цена Мелкий Опт|Цена Розничная
Audi|100|C4|седан|1991-1994|Premium|mch-0004|-|экокожа|5мм|Да|Да|Да|Двойная, шелковыми нитями|Да|-|-|-|-|-|-|6490
Audi|A3|8P|хетчбэк|2003-2008|Premium|mch-0005|-|экокожа|5мм|Да|Да|Да|Двойная, шелковыми нитями|-|-|-|-|-|-|-|6490
Audi|A6|C4|седан|1994-1997|Premium|mch-0006|-|экокожа|5мм|Да|Да|Да|Двойная, шелковыми нитями|-|-|-|-|-|-|-|6490
Audi|A6|C4|универсал|1994-1997|Premium|mch-0007|-|экокожа|5мм|Да|Да|Да|Двойная, шелковыми нитями|-|-|-|-|-|-|-|6490
Audi|A6|C5|седан|1997-2004|Premium|mch-0008|-|экокожа|5мм|Да|Да|Да|Двойная, шелковыми нитями|-|-|-|-|-|-|-|6490
BMW|3 series|e90|седан|2005-2011|Premium|mch-0009|-|экокожа|5мм|Да|Да|Да|Двойная, шелковыми нитями|-|-|-|-|-|-|-|6490
Cherry|Tiggo|T11|кроссовер|2005-2012|Premium|mch-0014|-|экокожа|5мм|Да|Да|Да|Двойная, шелковыми нитями|-|-|-|-|-|-|-|6490
Cherry|Tiggo|FL|кроссовер|2012-н.в.|Premium|mch-0015|-|экокожа|5мм|Да|Да|Да|Двойная, шелковыми нитями|-|-|-|-|-|-|-|6490
Citroen|C4|-|седан|2012-н.в.|Premium|mch-0018|-|экокожа|5мм|Да|Да|Да|Двойная, шелковыми нитями|-|-|-|-|-|-|-|6490
Citroen|C5|-|седан|2001-2008|Premium|mch-0020|-|экокожа|5мм|Да|Да|Да|Двойная, шелковыми нитями|-|-|-|-|-|-|-|6490
Citroen|C5|-|универсал|2001-2008|Premium|mch-0021|-|экокожа|5мм|Да|Да|Да|Двойная, шелковыми нитями|-|-|-|-|-|-|-|6490
Chevrolet|Aveo|II|седан|2011-н.в.|Premium|mch-0025|-|экокожа|5мм|Да|Да|Да|Двойная, шелковыми нитями|-|-|-|-|-|-|-|6490
Chevrolet|Aveo|II|хетчбэк|2011-н.в.|Premium|mch-0027|-|экокожа|5мм|Да|Да|Да|Двойная, шелковыми нитями|-|-|-|-|-|-|-|6490
Chevrolet|Captiva|-|кроссовер|2006-н.в.|Premium|mch-0029|-|экокожа|5мм|Да|Да|Да|Двойная, шелковыми нитями|-|-|-|-|-|-|-|6490
Chevrolet|Cruze|-|седан|2008-н.в.|Premium|mch-0031|-|экокожа|5мм|Да|Да|Да|Двойная, шелковыми нитями|-|-|-|-|-|-|-|6490
Chevrolet|Cruze|-|хэтчбек|2011-н.в.|Premium|mch-0033|-|экокожа|5мм|Да|Да|Да|Двойная, шелковыми нитями|-|-|-|-|-|-|-|6490
Chevrolet|Lacetti|-|седан|2004-н.в.|Premium|mch-0035|-|экокожа|5мм|Да|Да|Да|Двойная, шелковыми нитями|-|-|-|-|-|-|-|6490
Chevrolet|Lacetti|-|хетчбэк|2004-н.в.|Premium|mch-0037|-|экокожа|5мм|Да|Да|Да|Двойная, шелковыми нитями|-|-|-|-|-|-|-|6490
Chevrolet|Lanos|-|седан|2005-н.в.|Premium|mch-0040|-|экокожа|5мм|Да|Да|Да|Двойная, шелковыми нитями|-|-|-|-|-|-|-|6490
Chevrolet|Niva|-|кроссовер|2002-2013|Premium|mch-0042|-|экокожа|5мм|Да|Да|Да|Двойная, шелковыми нитями|-|-|-|-|-|-|-|6490
Chevrolet|Orlando|-|компактвэн|2010-2012|Premium|mch-0044|5|экокожа|5мм|Да|Да|Да|Двойная, шелковыми нитями|-|-|-|-|-|-|-|6490
Chevrolet|Orlando|-|компактвэн|2010-2012|Premium|mch-0045|7|экокожа|5мм|Да|Да|Да|Двойная, шелковыми нитями|-|-|-|-|-|-|-|9100
Chevrolet|Orlando|-|компактвэн|2013-н.в.|Premium|mch-0046|5|экокожа|5мм|Да|Да|Да|Двойная, шелковыми нитями|-|-|-|-|-|-|-|6490
Chevrolet|Orlando|-|компактвэн|2013-н.в.|Premium|mch-0047|7|экокожа|5мм|Да|Да|Да|Двойная, шелковыми нитями|-|-|-|-|-|-|-|9100
Chevrolet|Spark|-|хэтчбек|2010-2013|Premium|mch-0049|-|экокожа|5мм|Да|Да|Да|Двойная, шелковыми нитями|-|-|-|-|-|-|-|6490
Daewoo|Gentra|-|седан|2013-н.в.|Premium|mch-0052|-|экокожа|5мм|Да|Да|Да|Двойная, шелковыми нитями|-|-|-|-|-|-|-|6490
Daewoo|Matiz|-|хэтчбек|1998-2000|Premium|mch-0054|-|экокожа|5мм|Да|Да|Да|Двойная, шелковыми нитями|-|-|-|-|-|-|-|6490
Daewoo|Matiz|-|хэтчбек|2000-н.в.|Premium|mch-0056|-|экокожа|5мм|Да|Да|Да|Двойная, шелковыми нитями|-|-|-|-|-|-|-|6490
Fiat|Albea|-|седан|2006-2013|Premium|mch-0059|-|экокожа|5мм|Да|Да|Да|Двойная, шелковыми нитями|-|-|-|-|-|-|-|6490
Ford|Focus|II|седан|2004-2011|Premium|mch-0068|-|экокожа|5мм|Да|Да|Да|Двойная, шелковыми нитями|-|-|-|-|-|-|-|6490
Ford|Focus|II|хэтчбек|2004-2011|Premium|mch-0069|-|экокожа|5мм|Да|Да|Да|Двойная, шелковыми нитями|-|-|-|-|-|-|-|6490
Ford|Focus|II|универсал|2004-2011|Premium|mch-0070|-|экокожа|5мм|Да|Да|Да|Двойная, шелковыми нитями|-|-|-|-|-|-|-|6490
Ford|Focus|III|седан|2011-2014|Premium|mch-0074|-|экокожа|5мм|Да|Да|Да|Двойная, шелковыми нитями|-|-|-|-|-|-|-|6490
Ford|Focus|III|хэтчбек|2011-2014|Premium|mch-0075|-|экокожа|5мм|Да|Да|Да|Двойная, шелковыми нитями|-|-|-|-|-|-|-|6490
Ford|Focus|III|универсал|2011-2014|Premium|mch-0076|-|экокожа|5мм|Да|Да|Да|Двойная, шелковыми нитями|-|-|-|-|-|-|-|6490
Ford|Fusion|-|хэтчбек|2006-2012|Premium|mch-0078|-|экокожа|5мм|Да|Да|Да|Двойная, шелковыми нитями|-|-|-|-|-|-|-|6490
Ford|Fiesta|VI|хэтчбек|2008-н.в.|Premium|mch-0081|-|экокожа|5мм|Да|Да|Да|Двойная, шелковыми нитями|-|-|-|-|-|-|-|6490
Ford|Kuga|I|кроссовер|2008-2012|Premium|mch-0083|-|экокожа|5мм|Да|Да|Да|Двойная, шелковыми нитями|-|-|-|-|-|-|-|6490
Ford|Mondeo|III|седан|2000-2007|Premium|mch-0099|-|экокожа|5мм|Да|Да|Да|Двойная, шелковыми нитями|-|-|-|-|-|-|-|6490
Ford|Mondeo|III|универсал|2000-2007|Premium|mch-0100|-|экокожа|5мм|Да|Да|Да|Двойная, шелковыми нитями|-|-|-|-|-|-|-|6490
Ford|Mondeo|III|хэтчбек|2000-2007|Premium|mch-0101|-|экокожа|5мм|Да|Да|Да|Двойная, шелковыми нитями|-|-|-|-|-|-|-|6490
Ford|Mondeo|IV|седан|2007-2013|Premium|mch-0105|-|экокожа|5мм|Да|Да|Да|Двойная, шелковыми нитями|-|-|-|-|-|-|-|6490
Ford|Mondeo|IV|универсал|2007-2013|Premium|mch-0106|-|экокожа|5мм|Да|Да|Да|Двойная, шелковыми нитями|-|-|-|-|-|-|-|6490
Ford|Mondeo|IV|хэтчбек|2007-2013|Premium|mch-0107|-|экокожа|5мм|Да|Да|Да|Двойная, шелковыми нитями|-|-|-|-|-|-|-|6490
Ford|Mondeo|V|седан|2013-н.в.|Premium|mch-0108|-|экокожа|5мм|Да|Да|Да|Двойная, шелковыми нитями|-|-|-|-|-|-|-|6490
Geely|Emgrand|X7|кроссовер|2013-н.в.|Premium|mch-0109|-|экокожа|5мм|Да|Да|Да|Двойная, шелковыми нитями|-|-|-|-|-|-|-|6490
Great Wall|Hover|H3|кроссовер|2010-н.в.|Premium|mch-0114|-|экокожа|5мм|Да|Да|Да|Двойная, шелковыми нитями|-|-|-|-|-|-|-|6490
Great Wall|Hover|H5|кроссовер|2010-н.в.|Premium|mch-0115|-|экокожа|5мм|Да|Да|Да|Двойная, шелковыми нитями|-|-|Салон H3|-|-|-|-|6490
Honda|Accord|-|седан|2002-2007|Premium|mch-0116|-|экокожа|5мм|Да|Да|Да|Двойная, шелковыми нитями|-|-|-|-|-|-|-|6490
Honda|CR-V|I|кроссовер|1995-2001|Premium|mch-0117|-|экокожа|5мм|Да|Да|Да|Двойная, шелковыми нитями|-|-|-|-|-|-|-|6490
Honda|CR-V|III|кроссовер|2006-2012|Premium|mch-0119|-|экокожа|5мм|Да|Да|Да|Двойная, шелковыми нитями|-|-|-|-|-|-|-|6490
Honda|Civic|VIII|хэтчбек|2006-2011|Premium|mch-0122|-|экокожа|5мм|Да|Да|Да|Двойная, шелковыми нитями|-|-|-|-|-|-|-|6490
Hyundai|Accent|-|седан|2000-2012|Premium|mch-0125|-|экокожа|5мм|Да|Да|Да|Двойная, шелковыми нитями|-|-|-|-|-|-|-|6490
Hyundai|Elantra|V|седан|2011-2014|Premium|mch-0131|-|экокожа|5мм|Да|Да|Да|Двойная, шелковыми нитями|-|-|-|-|-|-|-|6490
Hyundai|Getz|-|хэтчбек|2005-2011|Premium|mch-0134|-|экокожа|5мм|Да|Да|Да|Двойная, шелковыми нитями|-|-|-|-|-|-|-|6490
Hyundai|Santa Fe|-|кроссовер|2006-2012|Premium|mch-0137|-|экокожа|5мм|Да|Да|Да|Двойная, шелковыми нитями|-|-|-|-|-|-|-|6490
Hyundai|Santa Fe|-|кроссовер|2012-н.в.|Premium|mch-0138|-|экокожа|5мм|Да|Да|Да|Двойная, шелковыми нитями|-|-|-|-|-|-|-|6490
Hyundai|Solaris|-|седан|2011-2014|Premium|mch-0139|-|экокожа|5мм|Да|Да|Да|Двойная, шелковыми нитями|-|-|-|-|-|-|-|6490
Hyundai|Solaris|-|седан|2011-2014|Premium|mch-0141|-|экокожа|5мм|Да|Да|Да|Двойная, шелковыми нитями|-|-|-|-|-|-|-|6490
Hyundai|Sonata|V|седан|2004-2009|Premium|mch-0145|-|экокожа|5мм|Да|Да|Да|Двойная, шелковыми нитями|-|-|-|-|-|-|-|6490
Hyundai|Sonata|VI|седан|2010-2013|Premium|mch-0146|-|экокожа|5мм|Да|Да|Да|Двойная, шелковыми нитями|-|-|-|-|-|-|-|6490
Hyundai|i30|-|хэтчбек|2012-н.в.|Premium|mch-0148|-|экокожа|5мм|Да|Да|Да|Двойная, шелковыми нитями|-|-|-|-|-|-|-|6490
Hyundai|ix35|-|кроссовер|2009-2013|Premium|mch-0149|-|экокожа|5мм|Да|Да|Да|Двойная, шелковыми нитями|-|-|-|-|-|-|-|6490
Hyundai|i40|-|минивен|2011-н.в.|Premium|mch-0150|-|экокожа|5мм|Да|Да|Да|Двойная, шелковыми нитями|-|-|-|-|-|-|-|6490
Hyundai|Tucson|-|кроссовер|2004-2010|Premium|mch-0151|-|экокожа|5мм|Да|Да|Да|Двойная, шелковыми нитями|-|-|-|-|-|-|-|6490
Kia|Cerato|-|хэтчбек|2008-2013|Premium|mch-0154|-|экокожа|5мм|Да|Да|Да|Двойная, шелковыми нитями|-|-|-|-|-|-|-|6490
Kia|Cerato|-|седан|2008-2013|Premium|mch-0156|-|экокожа|5мм|Да|Да|Да|Двойная, шелковыми нитями|-|-|-|-|-|-|-|6490
Kia|Cerato|-|седан|2013-н.в.|Premium|mch-0157|-|экокожа|5мм|Да|Да|Да|Двойная, шелковыми нитями|-|-|-|-|-|-|-|6490
Kia|Ceed|-|хетчбэк|2006-2012|Premium|mch-0158|-|экокожа|5мм|Да|Да|Да|Двойная, шелковыми нитями|-|-|-|-|-|-|-|6490
Kia|Ceed|-|хетчбэк|2012-н.в.|Premium|mch-0160|-|экокожа|5мм|Да|Да|Да|Двойная, шелковыми нитями|-|-|-|-|-|-|-|6490
Kia|Spectra|-|седан|2000-2009|Premium|mch-0162|-|экокожа|5мм|Да|Да|Да|Двойная, шелковыми нитями|-|-|-|-|-|-|-|6490
Kia|Sportage|III|кроссовер|2010-н.в.|Premium|mch-0165|-|экокожа|5мм|Да|Да|Да|Двойная, шелковыми нитями|-|-|-|-|-|-|-|6490
Kia|Sorento|-|кроссовер|2009-н.в.|Premium|mch-0166|-|экокожа|5мм|Да|Да|Да|Двойная, шелковыми нитями|-|-|-|-|-|-|-|6490
Kia|Soul|-|кроссовер|2008-н.в.|Premium|mch-0168|-|экокожа|5мм|Да|Да|Да|Двойная, шелковыми нитями|-|-|-|-|-|-|-|6490
Kia|Rio|IV|седан|2011-н.в.|Premium|mch-0175|-|экокожа|5мм|Да|Да|Да|Двойная, шелковыми нитями|-|-|-|-|-|-|-|6490
Kia|Rio|IV|хетчбэк|2011-н.в.|Premium|mch-0177|-|экокожа|5мм|Да|Да|Да|Двойная, шелковыми нитями|-|-|-|-|-|-|-|6490
Lifan|Solano|-|седан|2009-н.в.|Premium|mch-0178|-|экокожа|5мм|Да|Да|Да|Двойная, шелковыми нитями|-|-|-|-|-|-|-|6490
Lifan|XC-60|-|кроссовер|2011-н.в.|Premium|mch-0179|-|экокожа|5мм|Да|Да|Да|Двойная, шелковыми нитями|-|-|-|-|-|-|-|6490
Mazda|3|-|седан|2003-2009|Premium|mch-0182|-|экокожа|5мм|Да|Да|Да|Двойная, шелковыми нитями|-|-|-|-|-|-|-|6490
Mazda|3|-|хетчбэк|2003-2009|Premium|mch-0184|-|экокожа|5мм|Да|Да|Да|Двойная, шелковыми нитями|-|-|-|-|-|-|-|6490
Mazda|3|-|седан|2009-2013|Premium|mch-0185|-|экокожа|5мм|Да|Да|Да|Двойная, шелковыми нитями|-|-|-|-|-|-|-|6490
Mazda|3|-|хетчбэк|2009-2013|Premium|mch-0187|-|экокожа|5мм|Да|Да|Да|Двойная, шелковыми нитями|-|-|-|-|-|-|-|6490
Mazda|3|-|седан|2013-н.в.|Premium|mch-0188|-|экокожа|5мм|Да|Да|Да|Двойная, шелковыми нитями|-|-|-|-|-|-|-|6490
Mazda|6|-|седан|2008-2013|Premium|mch-0191|-|экокожа|5мм|Да|Да|Да|Двойная, шелковыми нитями|-|-|-|-|-|-|-|6490
Mazda|6|-|хетчбэк|2008-2013|Premium|mch-0193|-|экокожа|5мм|Да|Да|Да|Двойная, шелковыми нитями|-|-|-|-|-|-|-|6490
Mazda|6|-|седан|2013-н.в.|Premium|mch-0195|-|экокожа|5мм|Да|Да|Да|Двойная, шелковыми нитями|-|-|-|-|-|-|-|6490
Mazda|CX-5|-|кроссовер|2011-н.в.|Premium|mch-0196|-|экокожа|5мм|Да|Да|Да|Двойная, шелковыми нитями|-|-|-|-|-|-|-|6490
Mazda|CX-7|-|кроссовер|2006-2012|Premium|mch-0197|-|экокожа|5мм|Да|Да|Да|Двойная, шелковыми нитями|-|-|-|-|-|-|-|6490
Mitsubishi |ASX|-|кроссовер|2010-н.в.|Premium|mch-0200|-|экокожа|5мм|Да|Да|Да|Двойная, шелковыми нитями|-|-|-|-|-|-|-|6490
Mitsubishi |Lancer|IX|седан|2000-2007|Premium|mch-0204|-|экокожа|5мм|Да|Да|Да|Двойная, шелковыми нитями|-|-|-|-|-|-|-|6490
Mitsubishi |Lancer|X|седан|2007-2012|Premium|mch-0207|-|экокожа|5мм|Да|Да|Да|Двойная, шелковыми нитями|-|-|-|-|-|-|-|6490
Mitsubishi |Outlander|II (XL)|кроссовер|2005-н.в.|Premium|mch-0210|-|экокожа|5мм|Да|Да|Да|Двойная, шелковыми нитями|-|-|-|-|-|-|-|6490
Mitsubishi |Outlander|III|кроссовер|2012-н.в.|Premium|mch-0212|-|экокожа|5мм|Да|Да|Да|Двойная, шелковыми нитями|-|-|-|-|-|-|-|6490
Mitsubishi |Pajero|IV|внедорожник|2006-н.в.|Premium|mch-0215|-|экокожа|5мм|Да|Да|Да|Двойная, шелковыми нитями|-|-|-|-|-|-|-|6490
Mitsubishi |Pajero Sport|I|внедорожник|1996-2009|Premium|mch-0217|-|экокожа|5мм|Да|Да|Да|Двойная, шелковыми нитями|-|-|-|-|-|-|-|6490
Mitsubishi |Pajero Sport|II|внедорожник|2008-н.в.|Premium|mch-0218|-|экокожа|5мм|Да|Да|Да|Двойная, шелковыми нитями|-|-|-|-|-|-|-|6490
Mitsubishi |L200|-|пикап|2006-н.в.|Premium|mch-0220|-|экокожа|5мм|Да|Да|Да|Двойная, шелковыми нитями|-|-|-|-|-|-|-|6490
Nissan|Almera|N16|седан|2000-2006|Premium|mch-0227|-|экокожа|5мм|Да|Да|Да|Двойная, шелковыми нитями|-|-|-|-|-|-|-|6490
Nissan|Almera|N16|хэтчбек|2000-2006|Premium|mch-0229|-|экокожа|5мм|Да|Да|Да|Двойная, шелковыми нитями|-|-|-|-|-|-|-|6490
Nissan|Almera|Classic|седан|2006-2013|Premium|mch-0231|-|экокожа|5мм|Да|Да|Да|Двойная, шелковыми нитями|-|-|-|-|-|-|-|6490
Nissan|Almera|N17|седан|2014-н.в.|Premium|mch-0232|-|экокожа|5мм|Да|Да|Да|Двойная, шелковыми нитями|-|-|-|-|-|-|-|6490
Nissan|Juke|-|кроссовер|2010-н.в.|Premium|mch-0233|-|экокожа|5мм|Да|Да|Да|Двойная, шелковыми нитями|-|-|-|-|-|-|-|6490
Nissan|Note |-|хэтчбек|2004-н.в.|Premium|mch-0235|-|экокожа|5мм|Да|Да|Да|Двойная, шелковыми нитями|-|-|-|-|-|-|-|6490
Nissan|Primera|P12|седан|2002-2006|Premium|mch-0241|-|экокожа|5мм|Да|Да|Да|Двойная, шелковыми нитями|-|-|-|-|-|-|-|6490
Nissan|Primera|P12|хэтчбек|2002-2006|Premium|mch-0242|-|экокожа|5мм|Да|Да|Да|Двойная, шелковыми нитями|-|-|-|-|-|-|-|6490
Nissan|Primera|P12|универсал|2002-2006|Premium|mch-0243|-|экокожа|5мм|Да|Да|Да|Двойная, шелковыми нитями|-|-|-|-|-|-|-|6490
Nissan|Pathfinder|-|внедорожник|2005-н.в.|Premium|mch-0244|-|экокожа|5мм|Да|Да|Да|Двойная, шелковыми нитями|-|-|-|-|-|-|-|6490
Nissan|Tiida|-|седан|2004-н.в.|Premium|mch-0246|-|экокожа|5мм|Да|Да|Да|Двойная, шелковыми нитями|-|-|-|-|-|-|-|6490
Nissan|Tiida|C12|хэтчбек|2011-н.в.|Premium|mch-0247|-|экокожа|5мм|Да|Да|Да|Двойная, шелковыми нитями|-|-|-|-|-|-|-|6490
Nissan|Qashqai|-|кроссовер|2007-2013|Premium|mch-0249|-|экокожа|5мм|Да|Да|Да|Двойная, шелковыми нитями|-|-|-|-|-|-|-|6490
Nissan|Qashqai|-|кроссовер|2014-н.в.|Premium|mch-0250|-|экокожа|5мм|Да|Да|Да|Двойная, шелковыми нитями|-|-|-|-|-|-|-|6490
Nissan|Qashqai|+2|кроссовер|2010-2013|Premium|mch-0253|5|экокожа|5мм|Да|Да|Да|Двойная, шелковыми нитями|-|-|-|-|-|-|-|6490
Nissan|X-Trail|T30|внедорожник|2001-2007|Premium|mch-0255|-|экокожа|5мм|Да|Да|Да|Двойная, шелковыми нитями|-|-|-|-|-|-|-|6490
Nissan|X-Trail|T31|внедорожник|2008-н.в.|Premium|mch-0257|-|экокожа|5мм|Да|Да|Да|Двойная, шелковыми нитями|-|-|-|-|-|-|-|6490
Opel|Antara|-|кроссовер|2007-н.в.|Premium|mch-0258|-|экокожа|5мм|Да|Да|Да|Двойная, шелковыми нитями|-|-|-|-|-|-|-|6490
Opel|Astra|H (GTC)|хэтчбек 3 дв.|2004-н.в.|Premium|mch-0260|-|экокожа|5мм|Да|Да|Да|Двойная, шелковыми нитями|-|-|-|-|-|-|-|6490
Opel|Astra|H|седан 5 дв.|2004-н.в.|Premium|mch-0262|-|экокожа|5мм|Да|Да|Да|Двойная, шелковыми нитями|-|-|-|-|-|-|-|6490
Opel|Astra|H|хэтчбек 5 дв.|2004-н.в.|Premium|mch-0264|-|экокожа|5мм|Да|Да|Да|Двойная, шелковыми нитями|-|-|-|-|-|-|-|6490
Opel|Astra|J (GTC)|хэтчбек 3 дв.|2011-н.в.|Premium|mch-0266|-|экокожа|5мм|Да|Да|Да|Двойная, шелковыми нитями|-|-|-|-|-|-|-|6490
Opel|Astra|J|хэтчбек 5 дв.|2009-н.в.|Premium|mch-0267|-|экокожа|5мм|Да|Да|Да|Двойная, шелковыми нитями|-|-|-|-|-|-|-|6490
Opel|Corsa|D|хэтчбек 3 дв.|2006-н.в.|Premium|mch-0268|-|экокожа|5мм|Да|Да|Да|Двойная, шелковыми нитями|-|-|-|-|-|-|-|6490
Opel|Corsa|D|хэтчбек 5 дв.|2006-н.в.|Premium|mch-0270|-|экокожа|5мм|Да|Да|Да|Двойная, шелковыми нитями|-|-|-|-|-|-|-|6490
Opel|Insignia|-|седан|2009-н.в.|Premium|mch-0271|-|экокожа|5мм|Да|Да|Да|Двойная, шелковыми нитями|-|-|-|-|-|-|-|6490
Opel|Insignia|-|универсал|2009-н.в.|Premium|mch-0272|-|экокожа|5мм|Да|Да|Да|Двойная, шелковыми нитями|-|-|-|-|-|-|-|6490
Opel|Meriva|A|седан|2003-2010|Premium|mch-0273|-|экокожа|5мм|Да|Да|Да|Двойная, шелковыми нитями|-|-|-|-|-|-|-|6490
Opel|Meriva|B|седан|2010-н.в.|Premium|mch-0274|-|экокожа|5мм|Да|Да|Да|Двойная, шелковыми нитями|-|-|-|-|-|-|-|6490
Opel|Zafira|B|минивен|2005-н.в.|Premium|mch-0280|5|экокожа|5мм|Да|Да|Да|Двойная, шелковыми нитями|-|-|-|-|-|-|-|6490
Opel|Zafira|B|минивен|2005-н.в.|Premium|mch-0282|7|экокожа|5мм|Да|Да|Да|Двойная, шелковыми нитями|-|-|-|-|-|-|-|9100
Peugeot|408|-|универсал|2012-н.в.|Premium|mch-0287|-|экокожа|5мм|Да|Да|Да|Двойная, шелковыми нитями|-|-|-|-|-|-|-|6490
Renault|Duster|-|кроссовер|2010-н.в.|Premium|mch-0291|-|экокожа|5мм|Да|Да|Да|Двойная, шелковыми нитями|-|-|-|-|-|-|-|6490
Renault|Fluence|-|седан|2009-н.в.|Premium|mch-0293|-|экокожа|5мм|Да|Да|Да|Двойная, шелковыми нитями|-|-|-|-|-|-|-|6490
Renault|Logan|I|седан|2004-2013|Premium|mch-0295|-|экокожа|5мм|Да|Да|Да|Двойная, шелковыми нитями|-|-|-|-|-|-|-|6490
Renault|Logan|II|седан|2013-н.в.|Premium|mch-0296|-|экокожа|5мм|Да|Да|Да|Двойная, шелковыми нитями|-|-|-|-|-|-|-|6490
Renault|Megane|II|хэтчбек|2002-2008|Premium|mch-0298|-|экокожа|5мм|Да|Да|Да|Двойная, шелковыми нитями|-|-|-|-|-|-|-|6490
Renault|Megane|III|хэтчбек|2008-н.в.|Premium|mch-0300|-|экокожа|5мм|Да|Да|Да|Двойная, шелковыми нитями|-|-|-|-|-|-|-|6490
Renault|Sandero|I|кроссовер|2008-н.в.|Premium|mch-0302|-|экокожа|5мм|Да|Да|Да|Двойная, шелковыми нитями|-|-|-|-|-|-|-|6490
Seat|Ibiza|IV|хэтчбек|2008-н.в.|Premium|mch-0305|-|экокожа|5мм|Да|Да|Да|Двойная, шелковыми нитями|-|-|-|-|-|-|-|6490
Skoda|Fabia|II|хэтчбек|2007-н.в.|Premium|mch-0306|-|экокожа|5мм|Да|Да|Да|Двойная, шелковыми нитями|-|-|-|-|-|-|-|6490
Skoda|Octavia Tour|II|универсал|2004-2008|Premium|mch-0309|-|экокожа|5мм|Да|Да|Да|Двойная, шелковыми нитями|-|-|-|-|-|-|-|6490
Skoda|Octavia|A5|седан|2004-2013|Premium|mch-0311|-|экокожа|5мм|Да|Да|Да|Двойная, шелковыми нитями|-|-|-|-|-|-|-|6490
Skoda|Octavia|A7|седан|2013-н.в.|Premium|mch-0312|-|экокожа|5мм|Да|Да|Да|Двойная, шелковыми нитями|-|-|-|-|-|-|-|6490
Skoda|Rapid|-|седан|2013-н.в.|Premium|mch-0313|-|экокожа|5мм|Да|Да|Да|Двойная, шелковыми нитями|-|-|-|-|-|-|-|6490
Skoda|Yeti|-|кроссовер|2009-н.в.|Premium|mch-0315|-|экокожа|5мм|Да|Да|Да|Двойная, шелковыми нитями|-|-|-|-|-|-|-|6490
Ssang Yong|Actyon|New|кроссовер|2012-н.в.|Premium|mch-0319|-|экокожа|5мм|Да|Да|Да|Двойная, шелковыми нитями|-|-|-|-|-|-|-|6490
Ssang Yong|Kyron|II|внедорожник|2008-н.в.|Premium|mch-0322|-|экокожа|5мм|Да|Да|Да|Двойная, шелковыми нитями|-|-|-|-|-|-|-|6490
Subaru|Forester|III|кроссовер|2008-2012|Premium|mch-0324|-|экокожа|5мм|Да|Да|Да|Двойная, шелковыми нитями|-|-|-|-|-|-|-|6490
Suzuki|Grant Vitara|II|внедорожник|2005-н.в.|Premium|mch-0329|-|экокожа|5мм|Да|Да|Да|Двойная, шелковыми нитями|-|-|-|-|-|-|-|6490
Suzuki|SX4|-|кроссовер|2006-2013|Premium|mch-0331|-|экокожа|5мм|Да|Да|Да|Двойная, шелковыми нитями|-|-|-|-|-|-|-|6490
Toyota|Avensis|II (T250)|седан|2003-2008|Premium|mch-0333|-|экокожа|5мм|Да|Да|Да|Двойная, шелковыми нитями|-|-|-|-|-|-|-|6490
Toyota|Auris|E150|хэтчбек|2006-2012|Premium|mch-0336|-|экокожа|5мм|Да|Да|Да|Двойная, шелковыми нитями|-|-|-|-|-|-|-|6490
Toyota|Camry|VI (XV40)|седан|2006-2011|Premium|mch-0338|-|экокожа|5мм|Да|Да|Да|Двойная, шелковыми нитями|-|-|-|-|-|-|-|6490
Toyota|Camry|VII (XV50)|седан|2011-н.в.|Premium|mch-0339|-|экокожа|5мм|Да|Да|Да|Двойная, шелковыми нитями|-|-|-|-|-|-|-|6490
Toyota|Corolla|E12|седан|2001-2007|Premium|mch-0342|-|экокожа|5мм|Да|Да|Да|Двойная, шелковыми нитями|-|-|-|-|-|-|-|6490
Toyota|Corolla|E12|хэтчбек|2001-2007|Premium|mch-0344|-|экокожа|5мм|Да|Да|Да|Двойная, шелковыми нитями|-|-|-|-|-|-|-|6490
Toyota|Corolla|30N/MC|седан|2007-2013|Premium|mch-0346|-|экокожа|5мм|Да|Да|Да|Двойная, шелковыми нитями|-|-|-|-|-|-|-|6490
Toyota|Corolla|E170|седан|2013-н.в.|Premium|mch-0347|-|экокожа|5мм|Да|Да|Да|Двойная, шелковыми нитями|-|-|-|-|-|-|-|6490
Toyota|Highlander|II|кроссовер|2008-2014|Premium|mch-0349|-|экокожа|5мм|Да|Да|Да|Двойная, шелковыми нитями|-|-|-|-|-|-|-|6490
Toyota|Hilux|VII (N2)|пикап|2004-н.в.|Premium|mch-0351|-|экокожа|5мм|Да|Да|Да|Двойная, шелковыми нитями|-|-|-|-|-|-|-|6490
Toyota|Land Cruiser Prado|J120|внедорожник|2002-2009|Premium|mch-0352|-|экокожа|5мм|Да|Да|Да|Двойная, шелковыми нитями|-|-|-|-|-|-|-|6490
Toyota|Land Cruiser Prado|J150|внедорожник|2009-н.в.|Premium|mch-0354|5|экокожа|5мм|Да|Да|Да|Двойная, шелковыми нитями|-|-|-|-|-|-|-|6490
Toyota|RAV4|II|кроссовер|2000-2005|Premium|mch-0356|-|экокожа|5мм|Да|Да|Да|Двойная, шелковыми нитями|-|-|-|-|-|-|-|6490
Toyota|RAV4|III|кроссовер|2005-2013|Premium|mch-0358|-|экокожа|5мм|Да|Да|Да|Двойная, шелковыми нитями|-|-|-|-|-|-|-|6490
Toyota|RAV4|IV|кроссовер|2013-н.в.|Premium|mch-0359|-|экокожа|5мм|Да|Да|Да|Двойная, шелковыми нитями|-|-|-|-|-|-|-|6490
Volkswagen|Amorok|-|пикап|2009-н.в.|Premium|mch-0361|-|экокожа|5мм|Да|Да|Да|Двойная, шелковыми нитями|-|-|-|-|-|-|-|6490
Volkswagen|Golf|VI|хэтчбек|2008-н.в.|Premium|mch-0368|-|экокожа|5мм|Да|Да|Да|Двойная, шелковыми нитями|-|-|-|-|-|-|-|6490
Volkswagen|Golf|VII|хэтчбек|2012-н.в.|Premium|mch-0371|-|экокожа|5мм|Да|Да|Да|Двойная, шелковыми нитями|-|-|-|-|-|-|-|6490
Volkswagen|Jetta|V|седан|2004-н.в.|Premium|mch-0372|-|экокожа|5мм|Да|Да|Да|Двойная, шелковыми нитями|-|-|-|-|-|-|-|6490
Volkswagen|Jetta|VI|седан|2010-н.в.|Premium|mch-0374|-|экокожа|5мм|Да|Да|Да|Двойная, шелковыми нитями|-|-|-|-|-|-|-|6490
Volkswagen|Jetta|VII|седан|2014-н.в.|Premium|mch-0375|-|экокожа|5мм|Да|Да|Да|Двойная, шелковыми нитями|-|-|-|-|-|-|-|6490
Volkswagen|Passat|B5|седан|1996-2005|Premium|mch-0378|-|экокожа|5мм|Да|Да|Да|Двойная, шелковыми нитями|-|-|-|-|-|-|-|6490
Volkswagen|Polo|Sedan|седан|2010-н.в.|Premium|mch-0381|-|экокожа|5мм|Да|Да|Да|Двойная, шелковыми нитями|-|-|-|-|-|-|-|6490
Volkswagen|Tiguan|-|кроссовер|2007-н.в.|Premium|mch-0385|-|экокожа|5мм|Да|Да|Да|Двойная, шелковыми нитями|-|-|-|-|-|-|-|6490
ВАЗ|2107|-|седан|1982-2013|Premium|mch-0392|-|экокожа|5мм|Да|Да|Да|Двойная, шелковыми нитями|-|-|-|-|-|-|-|6490
ВАЗ|2108|-|хэтчбек|1984-2003|Premium|mch-0393|-|экокожа|5мм|Да|Да|Да|Двойная, шелковыми нитями|-|-|-|-|-|-|-|6490
ВАЗ|2109|-|хэтчбек|1987-2006|Premium|mch-0394|-|экокожа|5мм|Да|Да|Да|Двойная, шелковыми нитями|-|-|-|-|-|-|-|6490
ВАЗ|2110|-|седан|1995-2007|Premium|mch-0397|-|экокожа|5мм|Да|Да|Да|Двойная, шелковыми нитями|-|-|-|-|-|-|-|6490
ВАЗ|2111|-|универсал|1998-2009|Premium|mch-0399|-|экокожа|5мм|Да|Да|Да|Двойная, шелковыми нитями|-|-|-|-|-|-|-|6490
ВАЗ|2112|-|хэтчбек 5 дв.|1999-2008|Premium|mch-0401|-|экокожа|5мм|Да|Да|Да|Двойная, шелковыми нитями|-|-|-|-|-|-|-|6490
ВАЗ|21123|Coupe|купэ|2006-н.в.|Premium|mch-0403|-|экокожа|5мм|Да|Да|Да|Двойная, шелковыми нитями|-|-|-|-|-|-|-|6490
ВАЗ|2113|-|хэтчбек 3 дв.|2004-2013|Premium|mch-0405|-|экокожа|5мм|Да|Да|Да|Двойная, шелковыми нитями|-|-|-|-|-|-|-|6490
ВАЗ|2114|-|хэтчбек 5 дв.|2003-н.в.|Premium|mch-0407|-|экокожа|5мм|Да|Да|Да|Двойная, шелковыми нитями|-|-|-|-|-|-|-|6490
ВАЗ|2115|-|седан|1997-2013|Premium|mch-0409|-|экокожа|5мм|Да|Да|Да|Двойная, шелковыми нитями|-|-|-|-|-|-|-|6490
ВАЗ|2121|Нива|внедорожник 3 дв.|1977-2013|Premium|mch-0410|-|экокожа|5мм|Да|Да|Да|Двойная, шелковыми нитями|-|-|-|-|-|-|-|6490
ВАЗ|2131|Нива|внедорожник 5 дв.|1993-2013|Premium|mch-0411|-|экокожа|5мм|Да|Да|Да|Двойная, шелковыми нитями|-|-|-|-|-|-|-|6490
Lada|Granta|-|седан|2011-н.в.|Premium|mch-0413|-|экокожа|5мм|Да|Да|Да|Двойная, шелковыми нитями|-|-|-|-|-|-|-|6490
Lada|Kalina|-|седан|2004-н.в.|Premium|mch-0415|-|экокожа|5мм|Да|Да|Да|Двойная, шелковыми нитями|-|-|-|-|-|-|-|6490
Lada|Kalina|-|хэтчбек|2007-н.в.|Premium|mch-0417|-|экокожа|5мм|Да|Да|Да|Двойная, шелковыми нитями|-|-|-|-|-|-|-|6490
Lada|Kalina|-|универсал|2007-н.в.|Premium|mch-0419|-|экокожа|5мм|Да|Да|Да|Двойная, шелковыми нитями|-|-|-|-|-|-|-|6490
Lada|Kalina|II|хэтчбек|2013-н.в.|Premium|mch-0420|-|экокожа|5мм|Да|Да|Да|Двойная, шелковыми нитями|-|-|-|-|-|-|-|6490
Lada|Largus|-|фургон|2012-н.в.|Premium|mch-0422|2|экокожа|5мм|Да|Да|Да|Двойная, шелковыми нитями|-|-|-|-|-|-|-|5490
Lada|Largus|-|универсал|2012-н.в.|Premium|mch-0424|5|экокожа|5мм|Да|Да|Да|Двойная, шелковыми нитями|-|-|-|-|-|-|-|6490
Lada|Largus|-|универсал|2012-н.в.|Premium|mch-0426|7|экокожа|5мм|Да|Да|Да|Двойная, шелковыми нитями|-|-|-|-|-|-|-|9100
Lada|Priora|-|седан|2007-н.в.|Premium|mch-0428|-|экокожа|5мм|Да|Да|Да|Двойная, шелковыми нитями|-|-|-|-|-|-|-|6490
Lada|Priora|-|хэтчбек|2008-н.в.|Premium|mch-0430|-|экокожа|5мм|Да|Да|Да|Двойная, шелковыми нитями|-|-|-|-|-|-|-|6490
УАЗ|Patriot|3163|внедорожник|2005-н.в.|Premium|mch-0434|5|экокожа|5мм|Да|Да|Да|Двойная, шелковыми нитями|-|-|салон Rexton|-|-|-|-|6490
УАЗ|Patriot|-|внедорожник|2014-н.в.|Premium|mch-0435|-|экокожа|5мм|Да|Да|Да|Двойная, шелковыми нитями|-|-|-|-|-|-|-|6490
Audi|80|B3|седан|1987-1991|Standart|mch-0001|-|экокожа|5мм|Да|Да|Нет|Одинарная, тонкими нитями|-|-|-|-|-|-|-|4990
Audi|80|B4|седан|1991-1995|Standart|mch-0002|-|экокожа|5мм|Да|Да|Нет|Одинарная, тонкими нитями|-|-|-|-|-|-|-|4990
Audi|100|C4|седан|1991-1994|Standart|mch-0003|-|экокожа|5мм|Да|Да|Нет|Одинарная, тонкими нитями|-|-|-|-|-|-|-|4990
BMW|5 series|e34|седан|1988-1996|Standart|mch-0010|-|экокожа|5мм|Да|Да|Нет|Одинарная, тонкими нитями|-|-|-|-|-|-|-|4990
Chery|Amulet|-|седан|2003-н.в.|Standart|mch-0011|-|экокожа|5мм|Да|Да|Нет|Одинарная, тонкими нитями|-|-|-|-|-|-|-|4990
Chery|A5|-|седан|2006-2010|Standart|mch-0012|-|экокожа|5мм|Да|Да|Нет|Одинарная, тонкими нитями|-|-|-|-|-|-|-|4990
Cherry|Tiggo|T11|кроссовер|2005-2012|Standart|mch-0013|-|экокожа|5мм|Да|Да|Нет|Одинарная, тонкими нитями|-|-|-|-|-|-|-|4990
Chery|A5|-|седан|2006-н.в.|Standart|mch-0016|-|экокожа|5мм|Да|Да|Нет|Одинарная, тонкими нитями|-|-|-|-|-|-|-|4990
Citroen|C4|-|седан|2011-н.в.|Standart|mch-0017|-|экокожа|5мм|Да|Да|Нет|Одинарная, тонкими нитями|-|-|-|-|-|-|-|4990
Citroen|C4|-|хэтчбек|2011-н.в.|Standart|mch-0019|-|экокожа|5мм|Да|Да|Нет|Одинарная, тонкими нитями|-|-|-|-|-|-|-|4990
Chevrolet|Aveo|-|седан|2002-н.в.|Standart|mch-0022|-|экокожа|5мм|Да|Да|Нет|Одинарная, тонкими нитями|-|-|-|-|-|-|-|4990
Chevrolet|Aveo|-|хэтчбек|2002-н.в.|Standart|mch-0023|-|экокожа|5мм|Да|Да|Нет|Одинарная, тонкими нитями|-|-|-|-|-|-|-|4990
Chevrolet|Aveo|II|седан|2011-н.в.|Standart|mch-0024|-|экокожа|5мм|Да|Да|Нет|Одинарная, тонкими нитями|-|-|-|-|-|-|-|4990
Chevrolet|Aveo|II|хэтчбек|2011-н.в.|Standart|mch-0026|-|экокожа|5мм|Да|Да|Нет|Одинарная, тонкими нитями|-|-|-|-|-|-|-|4990
Chevrolet|Captiva|-|кроссовер|2006-н.в.|Standart|mch-0028|-|экокожа|5мм|Да|Да|Нет|Одинарная, тонкими нитями|-|-|-|-|-|-|-|4990
Chevrolet|Cruze|-|седан|2008-н.в.|Standart|mch-0030|-|экокожа|5мм|Да|Да|Нет|Одинарная, тонкими нитями|-|-|-|-|-|-|-|4990
Chevrolet|Cruze|-|хетчбэк|2011-н.в.|Standart|mch-0032|-|экокожа|5мм|Да|Да|Нет|Одинарная, тонкими нитями|-|-|-|-|-|-|-|4990
Chevrolet|Lacetti|-|седан|2004-н.в.|Standart|mch-0034|-|экокожа|5мм|Да|Да|Нет|Одинарная, тонкими нитями|-|-|-|-|-|-|-|4990
Chevrolet|Lacetti|-|хэтчбек|2004-н.в.|Standart|mch-0036|-|экокожа|5мм|Да|Да|Нет|Одинарная, тонкими нитями|-|-|-|-|-|-|-|4990
Chevrolet|Lacetti|-|универсал|2004-н.в.|Standart|mch-0038|-|экокожа|5мм|Да|Да|Нет|Одинарная, тонкими нитями|-|-|-|-|-|-|-|4990
Chevrolet|Lanos|-|седан|2005-н.в.|Standart|mch-0039|-|экокожа|5мм|Да|Да|Нет|Одинарная, тонкими нитями|-|-|-|-|-|-|-|4990
Chevrolet|Niva|-|кроссовер|2002-2013|Standart|mch-0041|-|экокожа|5мм|Да|Да|Нет|Одинарная, тонкими нитями|-|-|-|-|-|-|-|4990
Chevrolet|Orlando|-|компактвэн|2010-2012|Standart|mch-0043|5|экокожа|5мм|Да|Да|Нет|Одинарная, тонкими нитями|-|-|-|-|-|-|-|4990
Chevrolet|Rezzo|-|минивен|2000-2008|Standart|mch-0048|-|экокожа|5мм|Да|Да|Нет|Одинарная, тонкими нитями|-|-|-|-|-|-|-|4990
Daewoo|Esparo|-|седан|1995-1999|Standart|mch-0050|-|экокожа|5мм|Да|Да|Нет|Одинарная, тонкими нитями|-|-|-|-|-|-|-|4990
Daewoo|Gentra|-|седан|2013-н.в.|Standart|mch-0051|-|экокожа|5мм|Да|Да|Нет|Одинарная, тонкими нитями|-|-|-|-|-|-|-|4990
Daewoo|Matiz|-|хэтчбек|1998-2000|Standart|mch-0053|-|экокожа|5мм|Да|Да|Нет|Одинарная, тонкими нитями|-|-|-|-|-|-|-|4990
Daewoo|Matiz|-|хэтчбек|2000-н.в.|Standart|mch-0055|-|экокожа|5мм|Да|Да|Нет|Одинарная, тонкими нитями|-|-|-|-|-|-|-|4990
Daewoo|Nexia|-|седан|1994-2008|Standart|mch-0057|-|экокожа|5мм|Да|Да|Нет|Одинарная, тонкими нитями|-|-|-|-|-|-|-|4990
Daewoo|Nexia|-|седан|2008-н.в.|Standart|mch-0058|-|экокожа|5мм|Да|Да|Нет|Одинарная, тонкими нитями|-|-|-|-|-|-|-|4990
Fiat|Ducato|-|микроавтобус|2007-2013|Standart|mch-0060|3|экокожа|5мм|Да|Да|Нет|Одинарная, тонкими нитями|-|-|-|-|-|-|-|4490
Ford|Escape|(США)|кроссовер|2000-2006|Standart|mch-0061|-|экокожа|5мм|Да|Да|Нет|Одинарная, тонкими нитями|-|-|-|-|-|-|-|4990
Ford|Focus|I|седан|1998-2004|Standart|mch-0062|-|экокожа|5мм|Да|Да|Нет|Одинарная, тонкими нитями|-|-|-|-|-|-|-|4990
Ford|Focus|I|хэтчбек|1998-2004|Standart|mch-0063|-|экокожа|5мм|Да|Да|Нет|Одинарная, тонкими нитями|-|-|-|-|-|-|-|4990
Ford|Focus|I|универсал|1998-2004|Standart|mch-0064|-|экокожа|5мм|Да|Да|Нет|Одинарная, тонкими нитями|-|-|-|-|-|-|-|4990
Ford|Focus|II|седан|2004-2011|Standart|mch-0065|-|экокожа|5мм|Да|Да|Нет|Одинарная, тонкими нитями|-|-|-|-|-|-|-|4990
Ford|Focus|II|хэтчбек|2004-2011|Standart|mch-0066|-|экокожа|5мм|Да|Да|Нет|Одинарная, тонкими нитями|-|-|-|-|-|-|-|4990
Ford|Focus|II|универсал|2004-2011|Standart|mch-0067|-|экокожа|5мм|Да|Да|Нет|Одинарная, тонкими нитями|-|-|-|-|-|-|-|4990
Ford|Focus|III|седан|2011-2014|Standart|mch-0071|-|экокожа|5мм|Да|Да|Нет|Одинарная, тонкими нитями|-|-|-|-|-|-|-|4990
Ford|Focus|III|хэтчбек|2011-2014|Standart|mch-0072|-|экокожа|5мм|Да|Да|Нет|Одинарная, тонкими нитями|-|-|-|-|-|-|-|4990
Ford|Focus|III|универсал|2011-2014|Standart|mch-0073|-|экокожа|5мм|Да|Да|Нет|Одинарная, тонкими нитями|-|-|-|-|-|-|-|4990
Ford|Fusion|-|хэтчбек|2006-2012|Standart|mch-0077|-|экокожа|5мм|Да|Да|Нет|Одинарная, тонкими нитями|-|-|-|-|-|-|-|4990
Ford|Fiesta|V|хэтчбек|2002-2008|Standart|mch-0079|-|экокожа|5мм|Да|Да|Нет|Одинарная, тонкими нитями|-|-|-|-|-|-|-|4990
Ford|Fiesta|VI|хэтчбек|2008-н.в.|Standart|mch-0080|-|экокожа|5мм|Да|Да|Нет|Одинарная, тонкими нитями|-|-|-|-|-|-|-|4990
Ford|Kuga|I|кроссовер|2008-2012|Standart|mch-0082|-|экокожа|5мм|Да|Да|Нет|Одинарная, тонкими нитями|-|-|-|-|-|-|-|4990
Ford|Ranger|-|пикап|2006-2012|Standart|mch-0084|-|экокожа|5мм|Да|Да|Нет|Одинарная, тонкими нитями|-|-|-|-|-|-|-|4990
Ford|C-Max|-|минивен|2010-н.в.|Standart|mch-0085|-|экокожа|5мм|Да|Да|Нет|Одинарная, тонкими нитями|-|-|-|-|-|-|-|4990
Ford|Galaxy|I|минивен|1995-2000|Standart|mch-0086|5|экокожа|5мм|Да|Да|Нет|Одинарная, тонкими нитями|-|-|-|-|-|-|-|4990
Ford|Galaxy|I|минивен|1995-2000|Standart|mch-0087|7|экокожа|5мм|Да|Да|Нет|Одинарная, тонкими нитями|-|-|-|-|-|-|-|6840
Ford|Galaxy|II|минивен|2000-2005|Standart|mch-0088|5|экокожа|5мм|Да|Да|Нет|Одинарная, тонкими нитями|-|-|-|-|-|-|-|4990
Ford|Galaxy|II|минивен|2000-2005|Standart|mch-0089|7|экокожа|5мм|Да|Да|Нет|Одинарная, тонкими нитями|-|-|-|-|-|-|-|6840
Ford|Mondeo|I|седан|1993-1996|Standart|mch-0090|-|экокожа|5мм|Да|Да|Нет|Одинарная, тонкими нитями|-|-|-|-|-|-|-|4990
Ford|Mondeo|I|универсал|1993-1996|Standart|mch-0091|-|экокожа|5мм|Да|Да|Нет|Одинарная, тонкими нитями|-|-|-|-|-|-|-|4990
Ford|Mondeo|I|хэтчбек|1993-1996|Standart|mch-0092|-|экокожа|5мм|Да|Да|Нет|Одинарная, тонкими нитями|-|-|-|-|-|-|-|4990
Ford|Mondeo|II|седан|1996-2000|Standart|mch-0093|-|экокожа|5мм|Да|Да|Нет|Одинарная, тонкими нитями|-|-|-|-|-|-|-|4990
Ford|Mondeo|II|универсал|1996-2000|Standart|mch-0094|-|экокожа|5мм|Да|Да|Нет|Одинарная, тонкими нитями|-|-|-|-|-|-|-|4990
Ford|Mondeo|II|хэтчбек|1996-2000|Standart|mch-0095|-|экокожа|5мм|Да|Да|Нет|Одинарная, тонкими нитями|-|-|-|-|-|-|-|4990
Ford|Mondeo|III|седан|2000-2007|Standart|mch-0096|-|экокожа|5мм|Да|Да|Нет|Одинарная, тонкими нитями|-|-|-|-|-|-|-|4990
Ford|Mondeo|III|универсал|2000-2007|Standart|mch-0097|-|экокожа|5мм|Да|Да|Нет|Одинарная, тонкими нитями|-|-|-|-|-|-|-|4990
Ford|Mondeo|III|хэтчбек|2000-2007|Standart|mch-0098|-|экокожа|5мм|Да|Да|Нет|Одинарная, тонкими нитями|-|-|-|-|-|-|-|4990
Ford|Mondeo|IV|седан|2007-2013|Standart|mch-0102|-|экокожа|5мм|Да|Да|Нет|Одинарная, тонкими нитями|-|-|-|-|-|-|-|4990
Ford|Mondeo|IV|универсал|2007-2013|Standart|mch-0103|-|экокожа|5мм|Да|Да|Нет|Одинарная, тонкими нитями|-|-|-|-|-|-|-|4990
Ford|Mondeo|IV|хэтчбек|2007-2013|Standart|mch-0104|-|экокожа|5мм|Да|Да|Нет|Одинарная, тонкими нитями|-|-|-|-|-|-|-|4990
Great Wall|Deer|G5|пикап|2005-2009|Standart|mch-0110|-|экокожа|5мм|Да|Да|Нет|Одинарная, тонкими нитями|-|-|-|-|-|-|-|4990
Great Wall|Hover|-|кроссовер|2005-2010|Standart|mch-0111|-|экокожа|5мм|Да|Да|Нет|Одинарная, тонкими нитями|-|-|-|-|-|-|-|4990
Great Wall|Hover|H3|кроссовер|2010-н.в.|Standart|mch-0112|-|экокожа|5мм|Да|Да|Нет|Одинарная, тонкими нитями|-|-|-|-|-|-|-|4990
Great Wall|Hover|H5|кроссовер|2010-н.в.|Standart|mch-0113|-|экокожа|5мм|Да|Да|Нет|Одинарная, тонкими нитями|-|-|Салон H3|-|-|-|-|4990
Honda|CR-V|III|кроссовер|2006-2012|Standart|mch-0118|-|экокожа|5мм|Да|Да|Нет|Одинарная, тонкими нитями|-|-|-|-|-|-|-|4990
Honda|CR-V|IV|кроссовер|2012-н.в.|Standart|mch-0120|-|экокожа|5мм|Да|Да|Нет|Одинарная, тонкими нитями|-|-|-|-|-|-|-|4990
Honda|Civic|VIII|хэтчбек|2006-2011|Standart|mch-0121|-|экокожа|5мм|Да|Да|Нет|Одинарная, тонкими нитями|-|-|-|-|-|-|-|4990
Honda|Jazz|-|хетчбэк|2008-н.в.|Standart|mch-0123|-|экокожа|5мм|Да|Да|Нет|Одинарная, тонкими нитями|-|-|-|-|-|-|-|4990
Hyundai|Accent|-|седан|2000-2012|Standart|mch-0124|-|экокожа|5мм|Да|Да|Нет|Одинарная, тонкими нитями|-|-|-|-|-|-|-|4990
Hyundai|Elantra|III|седан|2000-2006|Standart|mch-0126|-|экокожа|5мм|Да|Да|Нет|Одинарная, тонкими нитями|-|-|-|-|-|-|-|4990
Hyundai|Elantra|III|хэтчбек|2000-2006|Standart|mch-0127|-|экокожа|5мм|Да|Да|Нет|Одинарная, тонкими нитями|-|-|-|-|-|-|-|4990
Hyundai|Elantra|IV|седан|2006-2010|Standart|mch-0128|-|экокожа|5мм|Да|Да|Нет|Одинарная, тонкими нитями|-|-|-|-|-|-|-|4990
Hyundai|Elantra|IV|хэтчбек|2006-2010|Standart|mch-0129|-|экокожа|5мм|Да|Да|Нет|Одинарная, тонкими нитями|-|-|-|-|-|-|-|4990
Hyundai|Elantra|V|седан|2011-2014|Standart|mch-0130|-|экокожа|5мм|Да|Да|Нет|Одинарная, тонкими нитями|-|-|-|-|-|-|-|4990
Hyundai|H1 Starex|-|минивен|1998-2008|Standart|mch-0132|-|экокожа|5мм|Да|Да|Нет|Одинарная, тонкими нитями|-|-|-|-|-|-|-|4990
Hyundai|Getz|-|хэтчбек|2002-2005|Standart|mch-0133|-|экокожа|5мм|Да|Да|Нет|Одинарная, тонкими нитями|-|-|-|-|-|-|-|4990
Hyundai|Santa Fe|classic|кроссовер|2001-2007|Standart|mch-0135|-|экокожа|5мм|Да|Да|Нет|Одинарная, тонкими нитями|-|-|-|-|-|-|-|4990
Hyundai|Santa Fe|-|кроссовер|2006-2012|Standart|mch-0136|-|экокожа|5мм|Да|Да|Нет|Одинарная, тонкими нитями|-|-|-|-|-|-|-|4990
Hyundai|Solaris|-|хэтчбек|2011-2014|Standart|mch-0140|-|экокожа|5мм|Да|Да|Нет|Одинарная, тонкими нитями|-|-|-|-|-|-|-|4990
Hyundai|Solaris|-|хэтчбек|2011-2014|Standart|mch-0142|-|экокожа|5мм|Да|Да|Нет|Одинарная, тонкими нитями|-|-|-|-|-|-|-|4990
Hyundai|Sonata|IV|седан|2001-2004|Standart|mch-0143|-|экокожа|5мм|Да|Да|Нет|Одинарная, тонкими нитями|-|-|-|-|-|-|-|4990
Hyundai|i30|-|хэтчбек|2007-2012|Standart|mch-0147|-|экокожа|5мм|Да|Да|Нет|Одинарная, тонкими нитями|-|-|-|-|-|-|-|4990
Hyundai|Tucson|-|кроссовер|2004-2010|Standart|mch-0152|-|экокожа|5мм|Да|Да|Нет|Одинарная, тонкими нитями|-|-|-|-|-|-|-|4990
Kia|Cerato|-|седан|2003-2008|Standart|mch-0153|-|экокожа|5мм|Да|Да|Нет|Одинарная, тонкими нитями|-|-|-|-|-|-|-|4990
Kia|Cerato|-|хэтчбек|2003-2008|Standart|mch-0155|-|экокожа|5мм|Да|Да|Нет|Одинарная, тонкими нитями|-|-|-|-|-|-|-|4990
Kia|Ceed|-|хетчбэк|2006-2012|Standart|mch-0159|-|экокожа|5мм|Да|Да|Нет|Одинарная, тонкими нитями|-|-|-|-|-|-|-|4990
Kia|Spectra|-|седан|2000-2009|Standart|mch-0161|-|экокожа|5мм|Да|Да|Нет|Одинарная, тонкими нитями|-|-|-|-|-|-|-|4990
Kia|Sportage|III|кроссовер|2010-н.в.|Standart|mch-0164|-|экокожа|5мм|Да|Да|Нет|Одинарная, тонкими нитями|-|-|-|-|-|-|-|4990
Kia|Rio|IV|хетчбэк|2011-н.в.|Standart|mch-0176|-|экокожа|5мм|Да|Да|Нет|Одинарная, тонкими нитями|-|-|-|-|-|-|-|4990
Landrover|Freelander|-|кроссовер|2010-н.в.|Standart|mch-0180|-|экокожа|5мм|Да|Да|Нет|Одинарная, тонкими нитями|-|-|-|-|-|-|-|4990
Mazda|3|-|седан|2003-2009|Standart|mch-0181|-|экокожа|5мм|Да|Да|Нет|Одинарная, тонкими нитями|-|-|-|-|-|-|-|4990
Mazda|3|-|хетчбэк|2003-2009|Standart|mch-0183|-|экокожа|5мм|Да|Да|Нет|Одинарная, тонкими нитями|-|-|-|-|-|-|-|4990
Mazda|3|-|хетчбэк|2009-2013|Standart|mch-0186|-|экокожа|5мм|Да|Да|Нет|Одинарная, тонкими нитями|-|-|-|-|-|-|-|4990
Mazda|BT-50|-|пикап|2006-н.в.|Standart|mch-0198|-|экокожа|5мм|Да|Да|Нет|Одинарная, тонкими нитями|-|-|-|-|-|-|-|4990
Mitsubishi |ASX|-|кроссовер|2010-н.в.|Standart|mch-0199|-|экокожа|5мм|Да|Да|Нет|Одинарная, тонкими нитями|-|-|-|-|-|-|-|4990
Mitsubishi |Colt|VI|хэтчбек|2004-н.в.|Standart|mch-0201|-|экокожа|5мм|Да|Да|Нет|Одинарная, тонкими нитями|-|-|-|-|-|-|-|4990
Mitsubishi |Lancer|IX|седан|2000-2007|Standart|mch-0203|-|экокожа|5мм|Да|Да|Нет|Одинарная, тонкими нитями|-|-|-|-|-|-|-|4990
Mitsubishi |Lancer|IX|универсал|2000-2007|Standart|mch-0205|-|экокожа|5мм|Да|Да|Нет|Одинарная, тонкими нитями|-|-|-|-|-|-|-|4990
Mitsubishi |Outlander|I|кроссовер|2002-2007|Standart|mch-0208|-|экокожа|5мм|Да|Да|Нет|Одинарная, тонкими нитями|-|-|-|-|-|-|-|4990
Mercedes|Sprinter|-|минивен|1994-2006|Standart|mch-0221|3|экокожа|5мм|Да|Да|Нет|Одинарная, тонкими нитями|-|-|-|-|-|-|-|4490
Nissan|Almera|Classic|седан|2006-2013|Standart|mch-0230|-|экокожа|5мм|Да|Да|Нет|Одинарная, тонкими нитями|-|-|-|-|-|-|-|4990
Nissan|Primera|P11 (Traveller)|универсал|1998-2002|Standart|mch-0237|-|экокожа|5мм|Да|Да|Нет|Одинарная, тонкими нитями|-|-|-|-|-|-|-|4990
Nissan|Qashqai |+2|кроссовер|2010-2013|Standart|mch-0251|5|экокожа|5мм|Да|Да|Нет|Одинарная, тонкими нитями|-|-|-|-|-|-|-|4990
Nissan|Qashqai|+2|кроссовер|2010-2013|Standart|mch-0252|7|экокожа|5мм|Да|Да|Нет|Одинарная, тонкими нитями|-|-|-|-|-|-|-|6840
Nissan|X-Trail|T30|внедорожник|2001-2007|Standart|mch-0254|-|экокожа|5мм|Да|Да|Нет|Одинарная, тонкими нитями|-|-|-|-|-|-|-|4990
Nissan|X-Trail|T31|внедорожник|2008-н.в.|Standart|mch-0256|-|экокожа|5мм|Да|Да|Нет|Одинарная, тонкими нитями|-|-|-|-|-|-|-|4990
Opel|Astra|H|седан 5 дв.|2004-н.в.|Standart|mch-0261|-|экокожа|5мм|Да|Да|Нет|Одинарная, тонкими нитями|-|-|-|-|-|-|-|4990
Opel|Astra|H|хэтчбек 5 дв.|2004-н.в.|Standart|mch-0263|-|экокожа|5мм|Да|Да|Нет|Одинарная, тонкими нитями|-|-|-|-|-|-|-|4990
Opel|Astra|H|универсал 5 дв.|2004-н.в.|Standart|mch-0265|-|экокожа|5мм|Да|Да|Нет|Одинарная, тонкими нитями|-|-|-|-|-|-|-|4990
Opel|Corsa|D|хэтчбек 5 дв.|2006-н.в.|Standart|mch-0269|-|экокожа|5мм|Да|Да|Нет|Одинарная, тонкими нитями|-|-|-|-|-|-|-|4990
Opel|Zafira|B|минивен|2005-н.в.|Standart|mch-0281|7|экокожа|5мм|Да|Да|Нет|Одинарная, тонкими нитями|-|-|-|-|-|-|-|6840
Peugeot|307|-|хэтчбек|2001-н.в.|Standart|mch-0284|-|экокожа|5мм|Да|Да|Нет|Одинарная, тонкими нитями|-|-|-|-|-|-|-|4990
Peugeot|308|-|хэтчбек|2007-н.в.|Standart|mch-0285|-|экокожа|5мм|Да|Да|Нет|Одинарная, тонкими нитями|-|-|-|-|-|-|-|4990
Peugeot|408|-|седан|2012-н.в.|Standart|mch-0286|-|экокожа|5мм|Да|Да|Нет|Одинарная, тонкими нитями|-|-|-|-|-|-|-|4990
Peugeot|Boxer|II|минивен 3 дв.|2006-н.в.|Standart|mch-0289|-|экокожа|5мм|Да|Да|Нет|Одинарная, тонкими нитями|-|-|-|-|-|-|-|4990
Renault|Megane|III|хэтчбек|2008-н.в.|Standart|mch-0299|-|экокожа|5мм|Да|Да|Нет|Одинарная, тонкими нитями|-|-|-|-|-|-|-|4990
Ssang Yong|Actyon|-|кроссовер|2006-н.в.|Standart|mch-0316|-|экокожа|5мм|Да|Да|Нет|Одинарная, тонкими нитями|-|-|-|-|-|-|-|4990
Ssang Yong|Actyon|Sport|пикап|2006-н.в.|Standart|mch-0317|-|экокожа|5мм|Да|Да|Нет|Одинарная, тонкими нитями|-|-|-|-|-|-|-|4990
Ssang Yong|Actyon|New|кроссовер|2012-н.в.|Standart|mch-0318|-|экокожа|5мм|Да|Да|Нет|Одинарная, тонкими нитями|-|-|-|-|-|-|-|4990
Ssang Yong|Kyron|II|внедорожник|2008-н.в.|Standart|mch-0321|-|экокожа|5мм|Да|Да|Нет|Одинарная, тонкими нитями|-|-|-|-|-|-|-|4990
Toyota|Avensis Liftback|II (T250)|универсал|2003-2008|Standart|mch-0334|-|экокожа|5мм|Да|Да|Нет|Одинарная, тонкими нитями|-|-|-|-|-|-|-|4990
Toyota|Corolla|E12|хэтчбек|2001-2007|Standart|mch-0343|-|экокожа|5мм|Да|Да|Нет|Одинарная, тонкими нитями|-|-|-|-|-|-|-|4990
Toyota|Hilux|VII (N2)|пикап|2004-н.в.|Standart|mch-0350|-|экокожа|5мм|Да|Да|Нет|Одинарная, тонкими нитями|-|-|-|-|-|-|-|4990
Toyota|Land Cruiser Prado|J150|внедорожник|2009-н.в.|Standart|mch-0353|5|экокожа|5мм|Да|Да|Нет|Одинарная, тонкими нитями|-|-|-|-|-|-|-|4990
Volkswagen|Jetta|VI|седан|2010-н.в.|Standart|mch-0373|-|экокожа|5мм|Да|Да|Нет|Одинарная, тонкими нитями|-|-|-|-|-|-|-|4990
Volkswagen|Passat|B4|седан|1993-1997|Standart|mch-0376|-|экокожа|5мм|Да|Да|Нет|Одинарная, тонкими нитями|-|-|-|-|-|-|-|4990
Volkswagen|Passat Variant|B4|универсал|1993-1997|Standart|mch-0377|-|экокожа|5мм|Да|Да|Нет|Одинарная, тонкими нитями|-|-|-|-|-|-|-|4990
Volkswagen|Passat|B6|седан|2005-н.в.|Standart|mch-0379|-|экокожа|5мм|Да|Да|Нет|Одинарная, тонкими нитями|-|-|-|-|-|-|-|4990
Volkswagen|Sharan|-|минивен|1995-н.в.|Standart|mch-0382|5|экокожа|5мм|Да|Да|Нет|Одинарная, тонкими нитями|-|-|-|-|-|-|-|4990
Volkswagen|Sharan|-|минивен|1995-н.в.|Standart|mch-0383|7|экокожа|5мм|Да|Да|Нет|Одинарная, тонкими нитями|-|-|-|-|-|-|-|6840
ВАЗ Lada|2104|-|универсал|1984-2012|Standart|mch-0388|-|экокожа|5мм|Да|Да|Нет|Одинарная, тонкими нитями|-|-|-|-|-|-|-|4990
ВАЗ|2105|-|седан|1980-2010|Standart|mch-0389|-|экокожа|5мм|Да|Да|Нет|Одинарная, тонкими нитями|-|-|-|-|-|-|-|4990
ВАЗ|2106|-|седан|1976-2006|Standart|mch-0390|-|экокожа|5мм|Да|Да|Нет|Одинарная, тонкими нитями|-|-|-|-|-|-|-|4990
ВАЗ|2107|-|седан|1982-2013|Standart|mch-0391|-|экокожа|5мм|Да|Да|Нет|Одинарная, тонкими нитями|-|-|-|-|-|-|-|4990
ВАЗ|21099|-|седан|1990-2004|Standart|mch-0395|-|экокожа|5мм|Да|Да|Нет|Одинарная, тонкими нитями|-|-|-|-|-|-|-|4990
ВАЗ|2110|-|седан|1995-2007|Standart|mch-0396|-|экокожа|5мм|Да|Да|Нет|Одинарная, тонкими нитями|-|-|-|-|-|-|-|4990
ВАЗ|2111|-|универсал|1998-2009|Standart|mch-0398|-|экокожа|5мм|Да|Да|Нет|Одинарная, тонкими нитями|-|-|-|-|-|-|-|4990
ВАЗ|2112|-|хэтчбек 5 дв.|1999-2008|Standart|mch-0400|-|экокожа|5мм|Да|Да|Нет|Одинарная, тонкими нитями|-|-|-|-|-|-|-|4990
ВАЗ|21123|Coupe|купэ|2006-н.в.|Standart|mch-0402|-|экокожа|5мм|Да|Да|Нет|Одинарная, тонкими нитями|-|-|-|-|-|-|-|4990
Lada|Largus|-|фургон|2012-н.в.|Standart|mch-0421|2|экокожа|5мм|Да|Да|Нет|Одинарная, тонкими нитями|-|-|-|-|-|-|-|4490
Lada|Largus|-|универсал|2012-н.в.|Standart|mch-0423|5|экокожа|5мм|Да|Да|Нет|Одинарная, тонкими нитями|-|-|-|-|-|-|-|4990
Lada|Largus|-|универсал|2012-н.в.|Standart|mch-0425|7|экокожа|5мм|Да|Да|Нет|Одинарная, тонкими нитями|-|-|-|-|-|-|-|6840
Lada|Priora|-|седан|2007-н.в.|Standart|mch-0427|-|экокожа|5мм|Да|Да|Нет|Одинарная, тонкими нитями|-|-|-|-|-|-|-|4990
Lada|Priora|-|хэтчбэк|2008-н.в.|Standart|mch-0429|-|экокожа|5мм|Да|Да|Нет|Одинарная, тонкими нитями|-|-|-|-|-|-|-|4990
ГАЗ|3110|-|седан|1997-2004|Standart|mch-0436|-|экокожа|5мм|Да|Да|Нет|Одинарная, тонкими нитями|-|-|-|-|-|-|-|4990
ГАЗ|31029|-|седан|1992-1997|Standart|mch-0437|-|экокожа|5мм|Да|Да|Нет|Одинарная, тонкими нитями|-|-|-|-|-|-|-|4990
ГАЗ|Газель|-|фургон|1994-н.в.|Standart|mch-0438|3|экокожа|5мм|Да|Да|Нет|Одинарная, тонкими нитями|-|-|-|-|-|-|-|4490
ГАЗ|Газель|-|фургон|1994-н.в.|Standart|mch-0439|7|экокожа|5мм|Да|Да|Нет|Одинарная, тонкими нитями|-|-|-|-|-|-|-|6840
ГАЗ|Баргузин|-|фургон|1994-н.в.|Standart|mch-0440|7|экокожа|5мм|Да|Да|Нет|Одинарная, тонкими нитями|-|-|-|-|-|-|-|6840
Hyundai|Sonata|V|седан|2004-2009|Standart|mch-0144|-|экокожа|5мм|Да|Да|Нет|Одинарная, тонкими нитями|-|-|-|-|-|-|-|4990
Kia|Sportage|II|кроссовер|2004-2010|Standart|mch-0163|-|экокожа|5мм|Да|Да|Нет|Одинарная, тонкими нитями|-|-|-|-|-|-|-|4990
Kia|Soul|-|кроссовер|2008-н.в.|Standart|mch-0167|-|экокожа|5мм|Да|Да|Нет|Одинарная, тонкими нитями|-|-|-|-|-|-|-|4990
Kia|Magentis|-|седан|2005-2010|Standart|mch-0169|-|экокожа|5мм|Да|Да|Нет|Одинарная, тонкими нитями|-|-|-|-|-|-|-|4990
Kia|Rio|II|седан|2005-2009|Standart|mch-0170|-|экокожа|5мм|Да|Да|Нет|Одинарная, тонкими нитями|-|-|-|-|-|-|-|4990
Kia|Rio|II|хетчбэк|2005-2009|Standart|mch-0171|-|экокожа|5мм|Да|Да|Нет|Одинарная, тонкими нитями|-|-|-|-|-|-|-|4990
Kia|Rio|III|седан|2009-2011|Standart|mch-0172|-|экокожа|5мм|Да|Да|Нет|Одинарная, тонкими нитями|-|-|-|-|-|-|-|4990
Kia|Rio|III|хетчбэк|2009-2011|Standart|mch-0173|-|экокожа|5мм|Да|Да|Нет|Одинарная, тонкими нитями|-|-|-|-|-|-|-|4990
Kia|Rio|IV|седан|2011-н.в.|Standart|mch-0174|-|экокожа|5мм|Да|Да|Нет|Одинарная, тонкими нитями|-|-|-|-|-|-|-|4990
Mazda|6|-|седан|2002-2008|Standart|mch-0189|-|экокожа|5мм|Да|Да|Нет|Одинарная, тонкими нитями|-|-|-|-|-|-|-|4990
Mazda|6|-|седан|2008-2013|Standart|mch-0190|-|экокожа|5мм|Да|Да|Нет|Одинарная, тонкими нитями|-|-|-|-|-|-|-|4990
Mazda|6|-|хетчбэк|2008-2013|Standart|mch-0192|-|экокожа|5мм|Да|Да|Нет|Одинарная, тонкими нитями|-|-|-|-|-|-|-|4990
Mazda|6|-|седан|2013-н.в.|Standart|mch-0194|-|экокожа|5мм|Да|Да|Нет|Одинарная, тонкими нитями|-|-|-|-|-|-|-|4990
Mitsubishi |Galant|VIII|седан|1996-2003|Standart|mch-0202|-|экокожа|5мм|Да|Да|Нет|Одинарная, тонкими нитями|-|-|-|-|-|-|-|4990
Mitsubishi |Lancer|X|седан|2007-2012|Standart|mch-0206|-|экокожа|5мм|Да|Да|Нет|Одинарная, тонкими нитями|-|-|-|-|-|-|-|4990
Mitsubishi |Outlander|II (XL)|кроссовер|2005-н.в.|Standart|mch-0209|-|экокожа|5мм|Да|Да|Нет|Одинарная, тонкими нитями|-|-|-|-|-|-|-|4990
Mitsubishi |Outlander|III|кроссовер|2012-н.в.|Standart|mch-0211|-|экокожа|5мм|Да|Да|Нет|Одинарная, тонкими нитями|-|-|-|-|-|-|-|4990
Mitsubishi |Pajero|III|внедорожник|2000-2006|Standart|mch-0213|-|экокожа|5мм|Да|Да|Нет|Одинарная, тонкими нитями|-|-|-|-|-|-|-|4990
Mitsubishi |Pajero|IV|внедорожник|2006-н.в.|Standart|mch-0214|-|экокожа|5мм|Да|Да|Нет|Одинарная, тонкими нитями|-|-|-|-|-|-|-|4990
Mitsubishi |Pajero Sport|I|внедорожник|1996-2009|Standart|mch-0216|-|экокожа|5мм|Да|Да|Нет|Одинарная, тонкими нитями|-|-|-|-|-|-|-|4990
Mitsubishi |L200|-|пикап|2006-н.в.|Standart|mch-0219|-|экокожа|5мм|Да|Да|Нет|Одинарная, тонкими нитями|-|-|-|-|-|-|-|4990
Mercedes|Sprinter|II|минивен|2006-н.в.|Standart|mch-0222|2|экокожа|5мм|Да|Да|Нет|Одинарная, тонкими нитями|-|-|-|-|-|-|-|4490
Mercedes|Sprinter|II|минивен|2006-н.в.|Standart|mch-0223|3|экокожа|5мм|Да|Да|Нет|Одинарная, тонкими нитями|-|-|-|-|-|-|-|4490
Mercedes|W-124|-|седан|1985-1993|Standart|mch-0224|-|экокожа|5мм|Да|Да|Нет|Одинарная, тонкими нитями|-|-|-|-|-|-|-|4990
Mercedes|190 (W-201)|-|седан|1982-1993|Standart|mch-0225|-|экокожа|5мм|Да|Да|Нет|Одинарная, тонкими нитями|-|-|-|-|-|-|-|4990
Nissan|Almera|N16|седан|2000-2006|Standart|mch-0226|-|экокожа|5мм|Да|Да|Нет|Одинарная, тонкими нитями|-|-|-|-|-|-|-|4990
Nissan|Almera|N16|хэтчбек|2000-2006|Standart|mch-0228|-|экокожа|5мм|Да|Да|Нет|Одинарная, тонкими нитями|-|-|-|-|-|-|-|4990
Nissan|Note |-|хэтчбек|2004-н.в.|Standart|mch-0234|-|экокожа|5мм|Да|Да|Нет|Одинарная, тонкими нитями|-|-|комплектация Tekna|-|-|-|-|4990
Nissan|Primera|P11|седан|1996-2002|Standart|mch-0236|-|экокожа|5мм|Да|Да|Нет|Одинарная, тонкими нитями|-|-|-|-|-|-|-|4990
Nissan|Primera|P12|седан|2002-2006|Standart|mch-0238|-|экокожа|5мм|Да|Да|Нет|Одинарная, тонкими нитями|-|-|-|-|-|-|-|4990
Nissan|Primera|P12|хэтчбек|2002-2006|Standart|mch-0239|-|экокожа|5мм|Да|Да|Нет|Одинарная, тонкими нитями|-|-|-|-|-|-|-|4990
Nissan|Primera|P12|универсал|2002-2006|Standart|mch-0240|-|экокожа|5мм|Да|Да|Нет|Одинарная, тонкими нитями|-|-|-|-|-|-|-|4990
Nissan|Teana|II|седан|2008-н.в.|Standart|mch-0245|-|экокожа|5мм|Да|Да|Нет|Одинарная, тонкими нитями|-|-|-|-|-|-|-|4990
Nissan|Qashqai|-|кроссовер|2007-2013|Standart|mch-0248|-|экокожа|5мм|Да|Да|Нет|Одинарная, тонкими нитями|-|-|-|-|-|-|-|4990
Opel|Astra|G|седан|1998-2004|Standart|mch-0259|-|экокожа|5мм|Да|Да|Нет|Одинарная, тонкими нитями|-|-|-|-|-|-|-|4990
Opel|Omega|B|седан|1993-2004|Standart|mch-0275|-|экокожа|5мм|Да|Да|Нет|Одинарная, тонкими нитями|-|-|-|-|-|-|-|4990
Opel|Vectra|A|седан|1988-1995|Standart|mch-0276|-|экокожа|5мм|Да|Да|Нет|Одинарная, тонкими нитями|-|-|-|-|-|-|-|4990
Opel|Vectra|В|седан|1995-2002|Standart|mch-0277|-|экокожа|5мм|Да|Да|Нет|Одинарная, тонкими нитями|-|-|-|-|-|-|-|4990
Opel|Vectra|С|седан|2002-2008|Standart|mch-0278|-|экокожа|5мм|Да|Да|Нет|Одинарная, тонкими нитями|-|-|-|-|-|-|-|4990
Opel|Zafira|B|минивен|2005-н.в.|Standart|mch-0279|5|экокожа|5мм|Да|Да|Нет|Одинарная, тонкими нитями|-|-|-|-|-|-|-|4990
Peugeot|207|-|хэтчбек|2006-н.в.|Standart|mch-0283|-|экокожа|5мм|Да|Да|Нет|Одинарная, тонкими нитями|-|-|-|-|-|-|-|4990
Peugeot|508|-|седан|2011-н.в.|Standart|mch-0288|-|экокожа|5мм|Да|Да|Нет|Одинарная, тонкими нитями|-|-|-|-|-|-|-|4990
Renault|Duster|-|кроссовер|2010-н.в.|Standart|mch-0290|-|экокожа|5мм|Да|Да|Нет|Одинарная, тонкими нитями|-|-|-|-|-|-|-|4990
Renault|Fluence|-|седан|2009-н.в.|Standart|mch-0292|-|экокожа|5мм|Да|Да|Нет|Одинарная, тонкими нитями|-|-|-|-|-|-|-|4990
Renault|Logan|I|седан|2004-2013|Standart|mch-0294|-|экокожа|5мм|Да|Да|Нет|Одинарная, тонкими нитями|-|-|-|-|-|-|-|4990
Renault|Megane|II|хэтчбек|2002-2008|Standart|mch-0297|-|экокожа|5мм|Да|Да|Нет|Одинарная, тонкими нитями|-|-|-|-|-|-|-|4990
Renault|Sandero|I|кроссовер|2008-н.в.|Standart|mch-0301|-|экокожа|5мм|Да|Да|Нет|Одинарная, тонкими нитями|-|-|-|-|-|-|-|4990
Renault|Sandero Stepway|II|кроссовер|2012-н.в.|Standart|mch-0303|-|экокожа|5мм|Да|Да|Нет|Одинарная, тонкими нитями|-|-|-|-|-|-|-|4990
Renault|Symbol|II|седан|2008-н.в.|Standart|mch-0304|-|экокожа|5мм|Да|Да|Нет|Одинарная, тонкими нитями|-|-|-|-|-|-|-|4990
Skoda|Octavia|II|хэтчбек|2004-2008|Standart|mch-0307|-|экокожа|5мм|Да|Да|Нет|Одинарная, тонкими нитями|-|-|-|-|-|-|-|4990
Skoda|Octavia Tour|II|универсал|2004-2008|Standart|mch-0308|-|экокожа|5мм|Да|Да|Нет|Одинарная, тонкими нитями|-|-|-|-|-|-|-|4990
Skoda|Octavia|A5|седан|2004-2013|Standart|mch-0310|-|экокожа|5мм|Да|Да|Нет|Одинарная, тонкими нитями|-|-|-|-|-|-|-|4990
Skoda|Yeti|-|кроссовер|2009-н.в.|Standart|mch-0314|-|экокожа|5мм|Да|Да|Нет|Одинарная, тонкими нитями|-|-|-|-|-|-|-|4990
Ssang Yong|Kyron|-|внедорожник|2005-2007|Standart|mch-0320|-|экокожа|5мм|Да|Да|Нет|Одинарная, тонкими нитями|-|-|-|-|-|-|-|4990
Ssang Yong|Rexton|II|внедорожник|2007-н.в.|Standart|mch-0323|-|экокожа|5мм|Да|Да|Нет|Одинарная, тонкими нитями|-|-|-|-|-|-|-|4990
Subaru|Impreza|III|седан|2007-н.в.|Standart|mch-0325|-|экокожа|5мм|Да|Да|Нет|Одинарная, тонкими нитями|-|-|-|-|-|-|-|4990
Subaru|Legacy Outback|IV|универсал|2009-2012|Standart|mch-0326|-|экокожа|5мм|Да|Да|Нет|Одинарная, тонкими нитями|-|-|-|-|-|-|-|4990
Suzuki|Grant Vitara|-|внедорожник|1997-2005|Standart|mch-0327|-|экокожа|5мм|Да|Да|Нет|Одинарная, тонкими нитями|-|-|-|-|-|-|-|4990
Suzuki|Grant Vitara|II|внедорожник|2005-н.в.|Standart|mch-0328|-|экокожа|5мм|Да|Да|Нет|Одинарная, тонкими нитями|-|-|-|-|-|-|-|4990
Suzuki|SX4|-|кроссовер|2006-2013|Standart|mch-0330|-|экокожа|5мм|Да|Да|Нет|Одинарная, тонкими нитями|-|-|-|-|-|-|-|4990
Toyota|Avensis|II (T250)|седан|2003-2008|Standart|mch-0332|-|экокожа|5мм|Да|Да|Нет|Одинарная, тонкими нитями|-|-|-|-|-|-|-|4990
Toyota|Avensis|III (T27)|седан|2008-н.в.|Standart|mch-0335|-|экокожа|5мм|Да|Да|Нет|Одинарная, тонкими нитями|-|-|-|-|-|-|-|4990
Toyota|Camry|VI (XV40)|седан|2006-2011|Standart|mch-0337|-|экокожа|5мм|Да|Да|Нет|Одинарная, тонкими нитями|-|-|-|-|-|-|-|4990
Toyota|Carina |E|седан|1992-1996|Standart|mch-0340|-|экокожа|5мм|Да|Да|Нет|Одинарная, тонкими нитями|-|-|-|-|-|-|-|4990
Toyota|Corolla|E12|седан|2001-2007|Standart|mch-0341|-|экокожа|5мм|Да|Да|Нет|Одинарная, тонкими нитями|-|-|-|-|-|-|-|4990
Toyota|Corolla|30N/MC|седан|2007-2013|Standart|mch-0345|-|экокожа|5мм|Да|Да|Нет|Одинарная, тонкими нитями|-|-|-|-|-|-|-|4990
Toyota|Highlander|II|кроссовер|2008-2014|Standart|mch-0348|-|экокожа|5мм|Да|Да|Нет|Одинарная, тонкими нитями|-|-|-|-|-|-|-|4990
Toyota|Mark II|IX|седан|2000-2004|Standart|mch-0355|-|экокожа|5мм|Да|Да|Нет|Одинарная, тонкими нитями|-|-|-|-|-|-|-|4990
Toyota|RAV4|III|кроссовер|2005-2013|Standart|mch-0357|-|экокожа|5мм|Да|Да|Нет|Одинарная, тонкими нитями|-|-|-|-|-|-|-|4990
Toyota|Verso|AR2|минивен|2009-н.в.|Standart|mch-0360|-|экокожа|5мм|Да|Да|Нет|Одинарная, тонкими нитями|-|-|-|-|-|-|-|4990
Volkswagen|Golf|II|хэтчбек|1983-1992|Standart|mch-0362|-|экокожа|5мм|Да|Да|Нет|Одинарная, тонкими нитями|-|-|-|-|-|-|-|4990
Volkswagen|Golf|III|хэтчбек|1991-1997|Standart|mch-0363|-|экокожа|5мм|Да|Да|Нет|Одинарная, тонкими нитями|-|-|-|-|-|-|-|4990
Volkswagen|Golf|IV|хэтчбек|1997-2003|Standart|mch-0364|-|экокожа|5мм|Да|Да|Нет|Одинарная, тонкими нитями|-|-|-|-|-|-|-|4990
Volkswagen|Golf|V|хэтчбек|2003-2008|Standart|mch-0365|-|экокожа|5мм|Да|Да|Нет|Одинарная, тонкими нитями|-|-|-|-|-|-|-|4990
Volkswagen|Golf|V Plus|хэтчбек|2004-2008|Standart|mch-0366|-|экокожа|5мм|Да|Да|Нет|Одинарная, тонкими нитями|-|-|-|-|-|-|-|4990
Volkswagen|Golf|VI|хэтчбек|2008-н.в.|Standart|mch-0367|-|экокожа|5мм|Да|Да|Нет|Одинарная, тонкими нитями|-|-|-|-|-|-|-|4990
Volkswagen|Golf|VI Plus|хэтчбек|2009-н.в.|Standart|mch-0369|-|экокожа|5мм|Да|Да|Нет|Одинарная, тонкими нитями|-|-|-|-|-|-|-|4990
Volkswagen|Golf|Plus|хэтчбек|2009-н.в.|Standart|mch-0370|-|экокожа|5мм|Да|Да|Нет|Одинарная, тонкими нитями|-|-|-|-|-|-|-|4990
Volkswagen|Polo|Sedan|седан|2010-н.в.|Standart|mch-0380|-|экокожа|5мм|Да|Да|Нет|Одинарная, тонкими нитями|-|-|-|-|-|-|-|4990
Volkswagen|Tiguan|-|кроссовер|2007-н.в.|Standart|mch-0384|-|экокожа|5мм|Да|Да|Нет|Одинарная, тонкими нитями|-|-|-|-|-|-|-|4990
Volkswagen|Touareg|7L|внедорожник|2002-2010|Standart|mch-0386|-|экокожа|5мм|Да|Да|Нет|Одинарная, тонкими нитями|-|-|-|-|-|-|-|4990
Volkswagen|Touareg|7P5|внедорожник|2010-н.в.|Standart|mch-0387|-|экокожа|5мм|Да|Да|Нет|Одинарная, тонкими нитями|-|-|-|-|-|-|-|4990
ВАЗ|2113|-|хэтчбек 3 дв.|2004-2013|Standart|mch-0404|-|экокожа|5мм|Да|Да|Нет|Одинарная, тонкими нитями|-|-|-|-|-|-|-|4990
ВАЗ|2114|-|хэтчбек 5 дв.|2003-н.в.|Standart|mch-0406|-|экокожа|5мм|Да|Да|Нет|Одинарная, тонкими нитями|-|-|-|-|-|-|-|4990
ВАЗ|2115|-|седан|1997-2013|Standart|mch-0408|-|экокожа|5мм|Да|Да|Нет|Одинарная, тонкими нитями|-|-|-|-|-|-|-|4990
Lada|Granta|-|седан|2011-н.в.|Standart|mch-0412|-|экокожа|5мм|Да|Да|Нет|Одинарная, тонкими нитями|-|-|-|-|-|-|-|4990
Lada|Kalina|-|седан|2004-н.в.|Standart|mch-0414|-|экокожа|5мм|Да|Да|Нет|Одинарная, тонкими нитями|-|-|-|-|-|-|-|4990
Lada|Kalina|-|хэтчбек|2007-н.в.|Standart|mch-0416|-|экокожа|5мм|Да|Да|Нет|Одинарная, тонкими нитями|-|-|-|-|-|-|-|4990
Lada|Kalina|-|универсал|2007-н.в.|Standart|mch-0418|-|экокожа|5мм|Да|Да|Нет|Одинарная, тонкими нитями|-|-|-|-|-|-|-|4990
Lada|Priora|-|универсал|2009-н.в.|Standart|mch-0431|-|экокожа|5мм|Да|Да|Нет|Одинарная, тонкими нитями|-|-|-|-|-|-|-|4990
УАЗ|Patriot|3163|внедорожник|2005-н.в.|Standart|mch-0432|5|экокожа|5мм|Да|Да|Нет|Одинарная, тонкими нитями|-|-|салон Rexton|-|-|-|-|4990
УАЗ|Patriot|3163|внедорожник|2005-н.в.|Standart|mch-0433|9|экокожа|5мм|Да|Да|Нет|Одинарная, тонкими нитями|-|-|салон Rexton|-|-|-|-|9800
